"Response ID","Date submitted","Last page","Start language","Seed","Date started","Date last action","Referrer URL","I agree to the processing of my personal data in accordance with the information provided herein.","","","","What is Media Bias?","","You answered incorrectly. Please read the text carefully and try again.  Often, the same content is presented in different ways. Sometimes, the wording differs; other times, only a specific part of the information is shared. Depending on the choice of words and the selection of details, articles can convey more than just factual information — for instance, opinions or ideologies. This phenomenon is known as media bias.  Media bias can take many forms. Spin shapes the narrative by simplifying or exaggerating certain aspects of a story, often influenced by the political leanings of the outlet or author. The selection of which information to include or exclude can significantly sway perceptions and opinions. Additionally, articles sometimes use language that reflects a particular attitude or viewpoint — for example, “immigrants” versus “illegal aliens.” The framing of the article and phrases can convey implicit meanings. At the same time, our own political leanings, culture, education, class, gender, and race influence how we interpret articles. Recognizing media bias helps us avoid being misled and promotes a more comprehensive understanding of issues.  What is Media Bias? ","What is your age?","What gender do you identify with?","What is the highest level of education you have completed?","What is the level of your English proficiency? ","Do you consider yourself to be liberal, conservative or somewhere in between?   [Political Orientation|Liberal|Conservative]","How often on an average do you read online news articles? ","To me personally, the topic of climate change and environmental protection is... [ ]","Generally, environmental protection is... []","Generally, environmental protection is... []","Generally, environmental protection is... []","Paul Tice, senior fellow for the National Center for Energy Analytics, took the opinion pages of the Wall Street Journal to criticize the climate change curriculum in New Jersey public schools. The educational materials, Tice explained, are not just found in sections of science courses, but in all school subjects. Districts are encouraged to insert lessons on climate change into English language arts and mathematics. In foreign language classes, students discuss the impacts of climate change “on the target language of the world.” In the state’s Visual and Performing Arts standards, students are required to “Research global issues, including climate change, using multiple research methods to inform original dances expressed through multiple genres, styles, and varied cultural perspectives.” To support the state’s climate curriculum, the New Jersey Department of Education points educators toward resources that provide only positive views of the potential of wind and solar to replace fossil fuels.  “New Jersey’s climate curriculum is pure indoctrination,” Trice wrote in the Journal  column. Dr. Sterling Burnett, Director of the Arthur B. Robinson Center on Climate and Environmental Policy at the Heartland Institute, told Just the News that this type of climate education is common across the country, and it’s been going on for years. “It's all got climate alarm built into it. It doesn't question the idea that humans are causing catastrophic climate change, despite the fact that that's not supported by the data or the evidence,” Burnett said. Some states have attempted to include in the curriculum taught in public schools different perspectives on climate change. Last year, Florida’s Board of Education approved the use of videos produced by the conservative Prager University Foundation in the state’s public schools. Legacy media outlets were critical of the decision. The Guardian reported that kids would be exposed to educational materials that “portray solar and wind energy as environmentally ruinous,” even though there are many reasons to be concerned about the environmental impacts of wind and solar energy. The Guardian also quoted experts worried that kids in Florida would be exposed to “messages of support for fossil fuels and doubts for renewable energy resources.” Politico quoted PragerU CEO Marissa Streit stating that the “climate is always changing,” to which the reporter was compelled to refer to the statement as “repeating a climate-denial motto.”  Streit's statement is scientifically accurate. Among other points, the PragerU videos challenge the belief that climate change poses a risk to the survivability of the human race, and that wind and solar are a good idea for developing countries.Other attempts to provide kids with different perspectives on climate change and energy have also been rebuked. In April 2023, the CO2 Coalition, whose members include a Nobel laureate, purchased a booth at the National Science Teaching Association’s annual convention in Atlanta. The group distributed “Simon The Solar-Powered Cat,” a comic book that explains the process of photosynthesis, which benefits from carbon dioxide. The purpose of the lesson is to dispute the demonization of the greenhouse gas as inherently destructive and dangerous. The association found the materials so offensive that they kicked the CO2 Coalition out of the convention. The Heartland Institute last year launched an initiative to provide education materials that challenge the idea that humans are causing catastrophic climate change. “Climate at a Glance” uses government sources to provide perspectives disputing the “climate crisis” on a range of topics from extreme weather to polar bears. They also created a downloadable app for the lessons. Burnett, who helped author the materials, said the Heartland mailed out 7,000 free copies of the printed version. He said, while not all the educators who received the copies reacted positively to the materials, the Heartland received a lot of “good feedback”on it from teachers. ""The thing we've been pushing all along is that science is not teaching what to think. When you're getting your science education, especially your basic education in the early grades, it's teaching how to conduct science. It’s teaching how to think, not what to think,” Burnett said. He said all the climate education in public schools teaches that the “climate crisis” is settled science and that there’s no legitimate dispute about it. Burnett said the whole idea of “consensus science” is problematic. “There was a consensus at one time that the universe revolved around the Earth. That was wrong. There was a consensus that the Earth was flat. That was wrong. There was consensus that diseases were caused by humors in the body, and you just need to balance the humors. It was wrong,” Burnett said. While most states are keeping educational materials in schools uniformly in support of a climate crisis perspective, polls are showing that young people are becoming less inclined to accept it. A recent Monmouth University poll found in the last few years, a 17 percentage point drop in the number of people ages 18 to 34 who believe that climate change is a very serious issue. Many of those polled would have recently graduated from high school. A similar phenomenon happened with the Drug Abuse Resistance Education (DARE) program, which was especially prevalent in schools throughout the 1980s and 1990s. While the program had the well-intentioned goal of getting kids to not use drugs, it followed a lot of the sensational messaging of the 1980s. Studies later found that the program was ineffective, and one study found that students who went through the program had higher rates of drug use. In 2009, the program was redesigned to be geared more toward “being honest and safe and responsible.” Whether the new approach proves effective remains to be seen, but so far, it does appear kids don’t always respond to heavy-handed messaging.        The ""Next"" button will show up once the minimal reading time is reached. ","Negotiators at this year’s United Nations climate summit struck an agreement early on Sunday in Baku, Azerbaijan, to triple the flow of money to help developing countries adopt cleaner energy and cope with the effects of climate change. Under the deal, wealthy nations pledged to reach $300 billion per year in support by 2035, up from a current target of $100 billion. Independent experts, however, have placed the needs of developing countries much higher, at $1.3 trillion per year. That is the amount they say must be invested in the energy transitions of lower-income countries, in addition to what those countries already spend, to keep the planet’s average temperature rise under 1.5 degrees Celsius. The deal struck at the annual U.N.-sponsored climate talks calls on private companies and international lenders like the World Bank to cover the hundreds of billions in the shortfall. That was seen by some as a kind of escape clause for rich countries. As soon as the Azerbaijani hosts banged the gavel and declared the deal done, Chandni Raina, the representative from India, the world’s most populous country, tore into them, saying the process had been “stage managed.” Speakers from one developing country after another, from Bolivia to Nigeria to Fiji, echoed Ms. Raina’s remarks and assailed the document in furious statements. “Let me be crystal clear,” said Juan Carlos Monterrey, Panama’s special envoy for climate. “This process was chaotic, poorly managed, and a complete failure in terms of delivering the ambition required.” The financing negotiations were complicated by the election of Donald J. Trump less than a week before the summit’s opening day. As the world’s biggest economy, with significant sway over global financial institutions, the United States has been essential to meeting climate finance pledges. Mr. Trump is widely expected to renege on any commitments negotiated in Baku and has said he will withdraw the United States from the Paris Agreement, the landmark 2015 climate accord that aims to curb global greenhouse gas emissions. Another difficulty was the expectation that the Republican-led Congress would curtail funding for Ukraine, placing a greater burden on that country’s European allies and leaving less money available for climate efforts. Many negotiators and diplomats said, however, that Mr. Trump’s election had also created a sense of urgency around the need to speed the transformation of increasingly interconnected economies around the world, many of which are still largely dependent on fossil fuels like coal, oil and gas. “I think when we came in here the question was, ‘Does the U.S. have no juice?’” said John Podesta, President Biden’s climate envoy. He said his team had been “extremely active in the negotiations” and that, “notwithstanding the president-elect’s rhetoric around calling climate change a hoax,” the United States would continue reducing its emissions over Mr. Trump’s term in office. The agreement, which is not legally binding and functions largely through diplomatic peer pressure, came after two weeks of divisive debate over who should pay and how much. Under U.N. rules written in 1992, certain wealthy countries, mostly in the West, are considered developed, while other nations, including China and Saudi Arabia, are considered developing. Countries in the developing group are “invited” to provide financial aid but not expected to do so. Today, however, many wealthy nations say the distinction no longer makes sense and that China, Saudi Arabia and others should be compelled to provide a share of climate financing. Western efforts to move those countries into the developed category were met with fierce resistance and were ultimately unsuccessful. Developing countries have also accused Western nations of betraying their past commitments by failing to hit the previous $100 billion target until years after the deadline set under that agreement. They also accused rich countries of using domestic politics as an excuse to contribute less. Collectively, nations have been so slow to curtail their use of fossil fuels that many scientists regard the 1.5 degree Celsius goal as practically unattainable. If nations were to follow through on their current pledges to reduce their domestic emissions, according to the U.N. report, the world would still be on track for around 2.7 degrees Celsius of warming. Countries are expected to submit updated emissions-reduction pledges in the coming months, before a February deadline. All eyes are on China and the United States, the world’s top two greenhouse gas emitters, though for different reasons. China is responsible for 30 percent of global emissions and for nearly all of the world’s growth in emissions over the past decade. The U.S. pledge will signal the extent to which President Biden’s administration thinks its signature climate legislation, the Inflation Reduction Act, can withstand environmental rollbacks promised by Mr. Trump. At last year’s climate summit in Dubai, United Arab Emirates, nations acknowledged for the first time the link between fossil fuels and global warming, and agreed to “transition away” from fossil fuels by midcentury. In Dubai, the Saudi delegation in particular worked hard to prevent the summit’s final declaration from mentioning fossil fuels at all. Reporting by The New York Times found that the Saudis had continued those efforts, in particular by working at five U.N. forums this year to kill any language that affirms the pledge.      The ""Next"" button will show up once the minimal reading time is reached. ","Please tell us what you think about the following sentence: In my opinion, this article is biased.","Please tell us your impression of the article you just read. The article is…      [Inaccurate|Accurate]","Please tell us your impression of the article you just read. The article is…      [Bad|Good]","Please tell us your impression of the article you just read. The article is…      [Believable|Not believable]","Please tell us your impression of the article you just read. The article is…      [Biased|Unbiased]","Please tell us your impression of the article you just read. The article is…      [Untrustworthy|Trustworthy]","Please tell us your impression of the article you just read. The article is…      [Not telling the whole story|Telling the whole story]","Please tell us your impression of the article you just read. The article is…      [Unethical|Ethical]","Please tell us your impression of the article you just read. The article is…      [False|Factual]","Please tell us your impression of the article you just read. The article is…      [Unfair|Fair]","Please tell us your impression of the article you just read. The article is…      [Imbalanced|Balanced]","Please tell us your impression of the article you just read. The article is…      [Immoral|Moral]","Please tell us your impression of the article you just read. The article is…      [ Uninformative|Informative]","Please tell us your impression of the article you just read. The article is…      [Liberal|Conservative]","Please tell us your impression of the article you just read. The article is…      [Not favoring a side|Favoring a side]","The article appears to contain bias in both its framing and content, consistent with the definition of media bias. While it presents information about climate change education, its choice of sources and language skews toward criticism of prevailing climate education practices.  Source selection: The article heavily cites critics of climate change education, such as Paul Tice and Dr. Sterling Burnett from conservative think tanks, while providing no counterarguments or voices supporting the curriculum. This selection amplifies one perspective, giving an impression of consensus against the curriculum where none may exist.  Language use: Phrases like “pure indoctrination” and “climate alarm” are emotionally charged and suggest an ideological stance rather than impartial reporting. By emphasizing alleged flaws in climate education, the article frames the curriculum as overly propagandistic without substantiating claims of harm or bias with robust evidence.  Comparison and framing: The inclusion of examples like DARE and historical “consensus science” appears aimed at delegitimizing climate science by equating current educational approaches to past failures. This rhetorical strategy implies that teaching climate science is inherently flawed, promoting skepticism.  Overall, the article does not provide a balanced view, and its structure and language reflect a clear bias against existing climate education practices.        The ""Next"" button will show up once the minimal reading time is reached. ","The article demonstrates clear media bias through its selection of details, framing, and language. It leans toward a critical perspective of climate change education, emphasizing the notion that such curricula are indoctrination. This bias is evident in several ways:  Framing and Spin: The article prominently highlights criticisms from conservative voices, such as the Heartland Institute and PragerU, while portraying opposing perspectives (e.g., the Guardian and Politico) in a dismissive tone. For instance, Politico's labeling of a statement as a “climate-denial motto” is framed as unfair or unnecessary.  Selective Inclusion of Information: The article omits perspectives from educators or climate scientists who support New Jersey’s climate curriculum. This exclusion creates an imbalance that favors the critics’ arguments.  Loaded Language: Terms like “indoctrination” and references to “climate alarm” reflect a critical attitude. Positive feedback on alternative materials (e.g., the Heartland’s “Climate at a Glance”) is emphasized, while dissenting reactions are downplayed.  While the article claims to challenge prevailing views on climate education, its one-sided narrative and choice of sources ultimately reveal a bias against mainstream climate science perspectives. Recognizing this helps readers critically assess its arguments.        The ""Next"" button will show up once the minimal reading time is reached. ","The article from The New York Times demonstrates potential signs of media bias in several ways:  Choice of Words and Framing: The article's language reflects certain implicit attitudes. For example, using terms like ""stage managed"" and ""fierce resistance"" in describing actions by various nations implies disapproval and conflict, framing the events negatively. Additionally, phrases such as “a kind of escape clause for rich countries” carry evaluative undertones, suggesting that wealthy nations are avoiding full responsibility.  Selection of Details: The article highlights criticism from developing nations, specific individuals, and entities, which gives prominence to discontent and frames the summit as chaotic or mismanaged. While factual, this emphasis risks creating a disproportionately negative narrative by downplaying any positive aspects of the agreement.  Editorial Influence: The article’s inclusion of Donald Trump’s election and climate policy feels somewhat tangential to the immediate summit outcomes, shifting focus toward U.S. political dynamics and introducing speculative language about his future actions.  Overall, while the article reports factual events, its tone, language, and selective emphasis align with potential spin, shaping the narrative as more critical of wealthy nations and political complexities rather than neutrally presenting the agreement’s significance and challenges. This framing reflects a partial perspective, characteristic of media bias as defined.      The ""Next"" button will show up once the minimal reading time is reached. ","The New York Times article exhibits subtle media bias through its tone, word choice, and selective emphasis. While the piece provides substantial factual details, it also frames events and participants in ways that guide readers toward certain conclusions.  First, the use of emotionally charged language, such as ""stage managed"" and ""chaotic,"" amplifies criticism from developing countries without equally elaborating on counterarguments or responses from wealthier nations. Additionally, phrases like “escape clause for rich countries” introduce a critical undertone that implies deliberate evasion of responsibility.  Second, the article heavily emphasizes the failings of wealthier nations, such as missing financial targets and potential backtracking under Donald Trump, while not exploring potential justifications for their actions, like economic or political constraints. Similarly, the inclusion of specific quotes that describe the process as a “complete failure” further reinforces a negative narrative.  Lastly, while the article mentions disagreements over classification (e.g., China and Saudi Arabia’s role as “developing” nations), it provides less scrutiny of these countries' responsibilities, potentially tilting the narrative against Western nations.  By selecting and framing information in these ways, the article subtly leans toward a critique of wealthy countries while appearing objective. Recognizing these biases can help readers interpret the piece more critically.      The ""Next"" button will show up once the minimal reading time is reached. ","After reading the explanation, please tell us what you think about the following sentence: In my opinion, this article is biased.","After reading the explanation, please tell us your impression of the article you just read. The article is…      [Inaccurate|Accurate]","After reading the explanation, please tell us your impression of the article you just read. The article is…      [Bad|Good]","After reading the explanation, please tell us your impression of the article you just read. The article is…      [Believable|Not believable]","After reading the explanation, please tell us your impression of the article you just read. The article is…      [Biased|Unbiased]","After reading the explanation, please tell us your impression of the article you just read. The article is…      [Untrustworthy|Trustworthy]","After reading the explanation, please tell us your impression of the article you just read. The article is…      [Not telling the whole story|Telling the whole story]","After reading the explanation, please tell us your impression of the article you just read. The article is…      [Unethical|Ethical]","After reading the explanation, please tell us your impression of the article you just read. The article is…      [False|Factual]","After reading the explanation, please tell us your impression of the article you just read. The article is…      [Unfair|Fair]","After reading the explanation, please tell us your impression of the article you just read. The article is…      [Imbalanced|Balanced]","After reading the explanation, please tell us your impression of the article you just read. The article is…      [Immoral|Moral]","After reading the explanation, please tell us your impression of the article you just read. The article is…      [ Uninformative|Informative]","After reading the explanation, please tell us your impression of the article you just read. The article is…      [Liberal|Conservative]","After reading the explanation, please tell us your impression of the article you just read. The article is…      [Not favoring a side|Favoring a side]","The explanation was… [not understandable|understandable]","The explanation was… [valuable|inferior]","The explanation was… [obstructive|supportive]","The explanation was… [good|bad]","The explanation was… [complicated|easy]","The explanation was… [clear|confusing]","The explanation was complete. [agree|disagree]","The explanation was useful. [agree|disagree]","What did you find most useful/helpful about the explanation?","How would you judge the length of the explanation? [too short|too long]","What improvements would you suggest?","This doesn’t impact your payment: How attentively did you read the article? [ I did not read it|I read very attentively ]","This doesn’t impact your payment: How attentively did you read the explanation after the article? [ I did not read it|I read very attentively ]","Were there any parts of the survey that confused you? If so, please explain where and why.","","Total time","Group time: Introduction","Question time: G01Q01","Question time: ProlificId","Question time: SessionId","Question time: StudyId","Group time: Introduction to Media Bias","Question time: G03Q02","Question time: group","Group time: Attention Check Failed","Question time: Failed1G03Q02","Group time: Demographics","Question time: G04Q04","Question time: G01Q05","Question time: G04Q06","Question time: G01Q07","Question time: G01Q08","Question time: G04Q09","Question time: G04Q10","Question time: G04Q12","Question time: G04Q13","Question time: G04Q11","Group time: Article A1MR","Question time: A1MR","Group time: Article A2ML","Question time: A2ML","Group time: Bias Perception ","Question time: G14Q14","Question time: G6Q15","Group time: G1A1MRE1SP","Question time: A1MRE1SP","Group time: G2A1MRE2RP","Question time: A1MRE2RP","Group time: G3A2MLE3SP","Question time: A2MLE3SP","Group time: G4A2MLE4RP","Question time: A2MLE4RP","Group time: Bias Perception 2","Question time: G8Q16","Question time: G8Q17","Question time: G8Q18","Question time: G8Q19","Question time: G8Q20","Group time: Feedback","Question time: G09Q21","Question time: G8Q22","Question time: G08Q23","Question time: G8Q24","Question time: G8Q25","Question time: G08Q26","Group time: End","Question time: End"
"5",,"13","en","782167435","2025-03-24 08:51:18","2025-03-24 09:04:15","https://app.prolific.com/","I agree.","677c170bab7bde949b8fcc5f","0yvay70iegdj","677c17cf4fa5e7fa99881e55","The phenomenon where articles convey opinions or ideologies in addition to factual information","1",,"26","Man","Graduate work","Proficient","-2","Several times per day","-3","-3","-1","0","",,"Somewhat disagree","0","0","0","0","0","0","0","0","0","0","0","0","0","0","",,,,"Somewhat agree","0","0","0","0","0","0","0","0","0","0","0","0","0","0","-1","0","1","0","-1","-1","-2","1","asdf","3","<xc","3","3","asdf",,"774.17","62.27",,,,,"12.4",,,,,"106.32",,,,,,,,,,,"4.23",,,,"26.86",,,"39.47",,,,,,,,"158.27",,,,,,"364.35",,,,,,,,
"6",,"11","en","1138400102","2025-03-24 09:06:49","2025-03-24 09:27:35","https://app.prolific.com/","I agree.","677c170bab7bde949b8fcc5f","0yvay70iegdj","677c17cf4fa5e7fa99881e55","The phenomenon where articles convey opinions or ideologies in addition to factual information","3",,"34","Man","High school graduate","Proficient","0","Several times per month","0","0","0","0",,"","Somewhat disagree","-1","-1","-1","-1","-1","-1","-1","-1","-1","-1","-1","-1","-1","-1",,,"",,"","","","","","","","","","","","","","","","","","","","","","","",,"",,"","",,,"1244.06","4.39",,,,,"17.55",,,,,"106.68",,,,,,,,,,,,,"158.16",,"15.75",,,,,,,"33.33",,,,"908.2",,,,,,,,,,,,,,
"7",,"1","en","1455662258","2025-03-24 09:27:45","2025-03-24 09:28:28","https://app.prolific.com/","I agree.","677c170bab7bde949b8fcc5f","0yvay70iegdj","677c17cf4fa5e7fa99881e55",,"4",,,,,,,,"","","","",,,,"","","","","","","","","","","","","","",,,,,,"","","","","","","","","","","","","","","","","","","","","","",,"",,"","",,,"40.09","40.09",,,,,,,,,,,,,,,,,,,,,,,,,,,,,,,,,,,,,,,,,,,,,,,,,,
"8","2025-03-24 11:04:30","14","en","1194977649","2025-03-24 10:52:52","2025-03-24 11:04:30","https://app.prolific.com/","I agree.","677c170bab7bde949b8fcc5f","0yvay70iegdj","677c17cf4fa5e7fa99881e55","The phenomenon where articles convey opinions or ideologies in addition to factual information","1",,"26","Man","Graduate work","Proficient","-6","Several times per day","-2","3","3","4","",,"Agree","-2","-2","-3","-2","-1","-3","-1","-2","-2","-2","-3","-2","1","2","",,,,"Strongly agree","-2","-2","-3","-2","-3","-2","-2","-2","-3","-3","-2","-2","1","2","2","1","2","-1","1","-1","-2","-2","I thought that it was well structured and had a good balance of aspects it described.","4","It should analyze the sources of the article more. Also it could use more examples.","6","6","No, all good. Only the second rating was the very same.","","674.28","61.96",,,,,"68.97",,,,,"48.16",,,,,,,,,,,"234.43",,,,"44.75",,,"56.25",,,,,,,,"59.9",,,,,,"89.03",,,,,,,"10.83",
"9",,"12","en","1870107077","2025-03-24 11:05:09","2025-03-24 11:06:08","https://app.prolific.com/","I agree.","677c170bab7bde949b8fcc5f","0q1ea9bvqge","677c17cf4fa5e7fa99881e55","The phenomenon where articles convey opinions or ideologies in addition to factual information","3",,"34","Woman","High school graduate","Independent","-6","Several times per month","0","0","0","0",,"","Somewhat disagree","-1","-1","-1","-1","-1","-1","-1","-1","-1","-1","-1","-1","-1","-1",,,"",,"Somewhat disagree","-1","-1","-1","-1","-1","-1","-1","-1","-1","-1","-1","-1","-1","-1","-1","-1","-1","-1","-1","-1","-1","-1",,"",,"","",,,"57.9","3.98",,,,,"3.55",,,,,"15.27",,,,,,,,,,,,,"2.24",,"12.34",,,,,,,"2.14",,,,"18.38",,,,,,,,,,,,,,
"10",,"11","en","2035366028","2025-03-24 11:27:09","2025-03-24 11:29:33","https://app.prolific.com/","I agree.","677c170bab7bde949b8fcc5f","0q1ea9bvqge","677c17cf4fa5e7fa99881e55","The phenomenon where articles convey opinions or ideologies in addition to factual information","3",,"23","Diverse","Bachelor’s degree","Independent","-7","Every day","1","-1","-2","-3",,"","Disagree","-2","1","1","1","1","1","1","1","1","1","0","1","2","3",,,"",,"","","","","","","","","","","","","","","","","","","","","","","",,"",,"","",,,"144.64","3.5",,,,,"4.16",,,,,"17",,,,,,,,,,,,,"3.63",,"44.74",,,,,,,"7.03",,,,"64.58",,,,,,,,,,,,,,
"11",,"13","en","1088691760","2025-03-24 11:54:12","2025-03-24 11:55:30","https://app.prolific.com/","I agree.","677c170bab7bde949b8fcc5f","0q1ea9bvqge","677c17cf4fa5e7fa99881e55","The phenomenon where articles convey opinions or ideologies in addition to factual information","3",,"25","Man","Graduate work","Proficient","-6","Several times per month","-1","1","-1","1",,"","Somewhat disagree","-1","0","1","1","0","0","0","-1","-1","0","1","2","3","2",,,"",,"Disagree","-3","-2","-1","0","1","2","3","2","2","1","0","-1","-2","-3","-2","-1","0","1","2","3","0","1","sdf","4","asdf","4","4","asdf",,"78.45","3.61",,,,,"3.36",,,,,"23.99",,,,,,,,,,,,,"2.29",,"12.48",,,,,,,"1.93",,,,"19.39",,,,,,"11.4",,,,,,,,
"12",,"13","en","1465581736","2025-03-24 13:04:33","2025-03-24 13:31:47","https://app.prolific.com/","I agree.","677c170bab7bde949b8fcc5f","0q1ea9bvqge","677c17cf4fa5e7fa99881e55","The phenomenon where articles convey opinions or ideologies in addition to factual information","4",,"23","Man","Graduate work","Proficient","-5","Every day","3","2","-3","3",,"","Agree","1","-1","0","1","-1","2","-1","-1","-2","2","1","1","2","1",,,,"","Somewhat disagree","-2","-1","0","1","0","-1","-1","-1","-1","-1","-1","-1","0","1","-2","0","1","2","1","2","-1","2","I found most useful the naming of the source and the structure.","5","I would make more comparisons to other articles and how it is displayed there.","5","6","No there weren't any.",,"1627.29","170.52",,,,,"59.05",,,,,"849.05",,,,,,,,,,,,,"221.12",,"79.55",,,,,,,,,"75.77",,"74.56",,,,,,"97.67",,,,,,,,
"13","2025-03-25 01:10:29","14","en","1855437965","2025-03-25 00:47:16","2025-03-25 01:10:29","https://app.prolific.com/","I agree.","6360715b0ca743d1c4123c4e","01qpzg63g9xe","677c17cf4fa5e7fa99881e55","The phenomenon where articles convey opinions or ideologies in addition to factual information","2",,"27","Prefer not to say","Graduate work","Proficient","-7","Several times per week","4","5 (acceptable)","5 (good)","5 (right)","",,"Somewhat agree","0","-1","0","-1","-1","-3","-1","1","-1","-1","-1","0","2","3",,"",,,"Strongly agree","-1","-2","2","-3","-2","-3","-2","0","-2","-3","-2","-1","3","3","3","-3","3","-3","2","-3","-3","-3","It was very concise and down to the point, pointing out the most important biased facts.","4","I have no clue. It was pretty good tbh. Maybe more about the background/who the people are and what their goals are, idk.","5","6","nope, only the question what improvements I would suggest.","","741.72","82.98",,,,,"45.17",,,,,"58.38",,,,,,,,,,,"248.22",,,,"40.74",,,,,"64.17",,,,,,"63.23",,,,,,"115.19",,,,,,,"23.64",
"14",,"4","en","2063556391","2025-03-25 02:05:40","2025-03-25 02:06:06","https://umfrage.mcm.uni-wuerzburg.de/index.php/questionAdministration/view?surveyid=937665&gid=13024&qid=116004","I agree.","","","","The phenomenon where articles convey opinions or ideologies in addition to factual information","2",,"45","Prefer not to say","Some high school","Independent","-4","Several times per month","-3","-2","-2","-1",,,,"","","","","","","","","","","","","","",,,,,,"","","","","","","","","","","","","","","","","","","","","","",,"",,"","",,,"27.47","4.66",,,,,"4.34",,,,,"18.47",,,,,,,,,,,,,,,,,,,,,,,,,,,,,,,,,,,,,,,,
"15",,"4","en","558997680","2025-03-25 02:07:40","2025-03-25 02:08:05","https://umfrage.mcm.uni-wuerzburg.de/index.php/questionAdministration/view?surveyid=937665&gid=13024&qid=116004","I agree.","","","","The phenomenon where articles convey opinions or ideologies in addition to factual information","1",,"45","Woman","Some high school","Independent","-3","Several times per month","-3","-1","-1","-2",,,,"","","","","","","","","","","","","","",,,,,,"","","","","","","","","","","","","","","","","","","","","","",,"",,"","",,,"25.1","4.36",,,,,"3.58",,,,,"17.16",,,,,,,,,,,,,,,,,,,,,,,,,,,,,,,,,,,,,,,,
"16",,"4","en","1648462343","2025-03-25 02:13:31","2025-03-25 02:13:55","https://umfrage.mcm.uni-wuerzburg.de/index.php/questionAdministration/view?surveyid=937665&gid=13024&qid=116004","I agree.","","","","The phenomenon where articles convey opinions or ideologies in addition to factual information","2",,"45","Woman","High school graduate","Independent","-8","Several times per month","-2","-1","-2","-2",,,,"","","","","","","","","","","","","","",,,,,,"","","","","","","","","","","","","","","","","","","","","","",,"",,"","",,,"24.78","3.78",,,,,"4.59",,,,,"16.41",,,,,,,,,,,,,,,,,,,,,,,,,,,,,,,,,,,,,,,,
"17",,"6","en","1322904901","2025-03-25 02:15:42","2025-03-25 02:16:12","https://umfrage.mcm.uni-wuerzburg.de/index.php/questionAdministration/view?surveyid=937665&gid=13024&qid=116004","I agree.","","","","The phenomenon where articles convey opinions or ideologies in addition to factual information","4",,"45","Diverse","Some college","Independent","-7","Several times per week","-2","-2","-2","0",,"",,"","","","","","","","","","","","","","",,,,,,"","","","","","","","","","","","","","","","","","","","","","",,"",,"","",,,"28.93","4.95",,,,,"3.51",,,,,"17.07",,,,,,,,,,,,,"3.4",,,,,,,,,,,,,,,,,,,,,,,,,,,
"18",,"4","en","1802973420","2025-03-25 02:16:23","2025-03-25 02:16:46","https://umfrage.mcm.uni-wuerzburg.de/index.php/questionAdministration/view?surveyid=937665&gid=13024&qid=116004","I agree.","","","","The phenomenon where articles convey opinions or ideologies in addition to factual information","2",,"45","Prefer not to say","Vocational or technical school","Independent","-5","Several times per month","-3","-1","0","-2",,,,"","","","","","","","","","","","","","",,,,,,"","","","","","","","","","","","","","","","","","","","","","",,"",,"","",,,"24.44","4.66",,,,,"4.91",,,,,"14.87",,,,,,,,,,,,,,,,,,,,,,,,,,,,,,,,,,,,,,,,
"19",,"4","en","1074652890","2025-03-25 02:19:02","2025-03-25 02:19:30","https://umfrage.mcm.uni-wuerzburg.de/index.php/questionGroupsAdministration/edit?surveyid=937665&gid=13046&landOnSideMenuTab=structure","I agree.","","","","The phenomenon where articles convey opinions or ideologies in addition to factual information","2",,"56","Diverse","High school graduate","Independent","-8","Several times per month","-3","-1","-2","-2",,,,"","","","","","","","","","","","","","",,,,,,"","","","","","","","","","","","","","","","","","","","","","",,"",,"","",,,"168.27","4.14",,,,,"7.77",,,,,"14.46",,,,,,,,,,,"141.9",,,,,,,,,,,,,,,,,,,,,,,,,,,,,
"20",,"4","en","615434086","2025-03-25 02:22:05","2025-03-25 02:22:32","https://app.prolific.com/","I agree.","6360715b0ca743d1c4123c4e","04x4t1zxgmuk","677c17cf4fa5e7fa99881e55","The phenomenon where articles convey opinions or ideologies in addition to factual information","1",,"67","Prefer not to say","High school graduate","Proficient","-7","Several times per week","-2","0","-1","3",,,,"","","","","","","","","","","","","","",,,,,,"","","","","","","","","","","","","","","","","","","","","","",,"",,"","",,,"24.66","4.59",,,,,"3.6",,,,,"16.47",,,,,,,,,,,,,,,,,,,,,,,,,,,,,,,,,,,,,,,,
"21",,"6","en","1117698233","2025-03-25 02:24:52","2025-03-25 02:25:31","https://umfrage.mcm.uni-wuerzburg.de/index.php/questionAdministration/view?surveyid=937665&gid=13024&qid=116004","I agree.","","","","The phenomenon where articles convey opinions or ideologies in addition to factual information","2",,"56","Prefer not to say","Some college","Independent","-6","Several times per week","-2","0","-3","0","",,,"","","","","","","","","","","","","","",,,,,,"","","","","","","","","","","","","","","","","","","","","","",,"",,"","",,,"39.05","4.01",,,,,"4.09",,,,,"17.12",,,,,,,,,,,"13.83",,,,,,,,,,,,,,,,,,,,,,,,,,,,,
"22",,"6","en","1910260516","2025-03-25 02:35:37","2025-03-25 02:38:11",,"I agree.","","","","The phenomenon where articles convey opinions or ideologies in addition to factual information","2",,"46","Woman","Vocational or technical school","Independent","-6","Several times per month","-3","0","-1","1","",,,"","","","","","","","","","","","","","",,,,,,"","","","","","","","","","","","","","","","","","","","","","",,"",,"","",,,"155.01","5.12",,,,,"3.63",,,,,"15.68",,,,,,,,,,,"130.58",,,,,,,,,,,,,,,,,,,,,,,,,,,,,
"23","2025-03-25 02:46:44","14","en","2025862880","2025-03-25 02:41:37","2025-03-25 02:46:44","https://umfrage.mcm.uni-wuerzburg.de/index.php/surveyAdministration/view?iSurveyID=937665&allowRedirect=1","I agree.","","","","The practice of including only factual information in an article","3","The phenomenon where articles convey opinions or ideologies in addition to factual information","34","Prefer not to say","Graduate work","Independent","-5","Several times per month","-2","0","-3","1",,"","Agree","-2","-1","-2","0","-1","-1","0","1","-1","-1","0","0","0","0",,,"",,"Strongly agree","-3","-3","-2","-2","-2","-2","-2","-2","-2","-2","-2","-2","-1","-3","-3","1","-1","-2","-2","0","-1","-1","dfghdfg","4","dfghd","4","4","dfghdfgh","","311.59","60.07",,,,,"23.25",,,"15.78",,"40.73",,,,,,,,,,,,,"29.68",,"32.87",,,,,,,"20.67",,,,"39.99",,,,,,"28.26",,,,,,,"20.29",
"24",,"6","en","1227886549","2025-03-25 21:03:30","2025-03-25 21:04:48","https://app.prolific.com/","I agree.","677c170bab7bde949b8fcc5f","0qxchg3ghzf","677c17cf4fa5e7fa99881e55","The phenomenon where articles convey opinions or ideologies in addition to factual information","3",,"23","Woman","Vocational or technical school","Proficient","-7","Several times per month","-2","-1","0","1",,"",,"","","","","","","","","","","","","","",,,,,,"","","","","","","","","","","","","","","","","","","","","","",,"",,"","",,,"76.26","5.47",,,,,"4.07",,,,,"17.69",,,,,,,,,,,,,"49.03",,,,,,,,,,,,,,,,,,,,,,,,,,,
"25",,"1","en","28685857","2025-03-26 02:51:52","2025-03-26 02:52:06","https://app.prolific.com/","I DO NOT agree.","6360715b0ca743d1c4123c4e","0i9dby9ledvp","67e36718b88b03c5030a2b8f",,"2",,,,,,,,"","","","",,,,"","","","","","","","","","","","","","",,,,,,"","","","","","","","","","","","","","","","","","","","","","",,"",,"","",,,"9.32","9.32",,,,,,,,,,,,,,,,,,,,,,,,,,,,,,,,,,,,,,,,,,,,,,,,,,
"26",,"3","en","1321389658","2025-03-26 02:52:47","2025-03-26 02:53:02","https://app.prolific.com/","I agree.","6360715b0ca743d1c4123c4e","0i9dby9ledvp","67e36718b88b03c5030a2b8f","The practice of including only factual information in an article","4","The practice of including only factual information in an article",,,,,,,"","","","",,,,"","","","","","","","","","","","","","",,,,,,"","","","","","","","","","","","","","","","","","","","","","",,"",,"","",,,"12.94","3.88",,,,,"3.45",,,"5.61",,,,,,,,,,,,,,,,,,,,,,,,,,,,,,,,,,,,,,,,,,
"27",,"-1","en","1828387485","2025-03-26 02:53:26","2025-03-26 02:53:26","https://app.prolific.com/",,"6360715b0ca743d1c4123c4e","0i9dby9ledvp","67e36718b88b03c5030a2b8f",,,,,,,,,,"","","","",,,,"","","","","","","","","","","","","","",,,,,,"","","","","","","","","","","","","","","","","","","","","","",,"",,"","",,,"0",,,,,,,,,,,,,,,,,,,,,,,,,,,,,,,,,,,,,,,,,,,,,,,,,,,
"28",,"-1","en","67096246","2025-03-26 02:56:56","2025-03-26 02:56:57","https://app.prolific.com/",,"6360715b0ca743d1c4123c4e","0i9dby9ledvp","67e36718b88b03c5030a2b8f",,,,,,,,,,"","","","",,,,"","","","","","","","","","","","","","",,,,,,"","","","","","","","","","","","","","","","","","","","","","",,"",,"","",,,"0",,,,,,,,,,,,,,,,,,,,,,,,,,,,,,,,,,,,,,,,,,,,,,,,,,,
"29","2025-03-26 03:09:47","14","en","487235608","2025-03-26 02:56:57","2025-03-26 03:09:47","https://app.prolific.com/","I agree.","6360715b0ca743d1c4123c4e","0i9dby9ledvp","67e36718b88b03c5030a2b8f","The practice of including only factual information in an article","1","The phenomenon where articles convey opinions or ideologies in addition to factual information","56","Diverse","High school graduate","Independent","-5","Several times per week","3","4","2","3","",,"Somewhat agree","-1","-1","-1","0","0","0","0","0","0","0","0","0","0","0","",,,,"Agree","-2","-2","-2","-2","-2","-2","-2","-2","-2","-2","-2","-2","0","2","3","-3","3","-3","3","-2","0","0","dfghdfgh","4","dfghdfgh","4","4","dfghdgfh","","758.24","4.35",,,,,"3.97",,,"3.95",,"18.85",,,,,,,,,,,"88.69",,,,"22.33",,,"567.44",,,,,,,,"31.83",,,,,,"11.8",,,,,,,"5.03",
"30",,"11","en","1676490467","2025-03-26 03:10:47","2025-03-26 03:13:05","https://umfrage.mcm.uni-wuerzburg.de/index.php/questionAdministration/view?surveyid=937665&gid=13049&qid=116006","I agree.","","","","The phenomenon where articles convey opinions or ideologies in addition to factual information","1",,"67","Diverse","Some college","Independent","-9","Several times per week","-2","-1","-2","-1","",,"Somewhat agree","-1","0","-1","-1","0","-1","-1","-1","-1","0","0","1","1","1","",,,,,"","","","","","","","","","","","","","","","","","","","","","",,"",,"","",,,"139.57","3.98",,,,,"4.01",,,,,"15.64",,,,,,,,,,,"83.87",,,,"15.3",,,"16.77",,,,,,,,,,,,,,,,,,,,,,
"31","2025-03-26 05:49:41","14","en","1407482728","2025-03-26 05:45:46","2025-03-26 05:49:41","https://umfrage.mcm.uni-wuerzburg.de/index.php/questionAdministration/view?surveyid=937665&gid=13049&qid=116006","I agree.","","","","The phenomenon where articles convey opinions or ideologies in addition to factual information","1",,"46","Prefer not to say","Bachelor’s degree","Independent","-6","Every day","-1","1","-1","0","",,"Somewhat disagree","0","0","-1","-1","0","0","0","0","0","0","0","0","0","0","",,,,"Somewhat agree","0","0","0","1","0","0","0","1","1","1","0","0","0","0","0","0","0","-1","0","0","1","0","sfgsdfg","4","sdfgsdf","4","4","sdfgsdfg","","236.77","4.34",,,,,"3.93",,,,,"17.11",,,,,,,,,,,"126.83",,,,"11.19",,,"32.82",,,,,,,,"22.55",,,,,,"14.94",,,,,,,"3.06",
"32",,"11","en","2059655207","2025-03-26 05:51:28","2025-03-26 05:53:58","https://umfrage.mcm.uni-wuerzburg.de/index.php/questionAdministration/view?surveyid=937665&gid=13051&qid=116009","I agree.","","","","The phenomenon where articles convey opinions or ideologies in addition to factual information","4",,"45","Woman","Some college","Independent","-5","Several times per month","-2","-1","-2","0",,"","Somewhat disagree","0","0","-1","0","-1","0","0","0","0","0","0","0","0","0",,,,"",,"","","","","","","","","","","","","","","","","","","","","","",,"",,"","",,,"151.63","3.61",,,,,"4.18",,,,,"16.08",,,,,,,,,,,,,"104.2",,"13.3",,,,,,,,,"10.26",,,,,,,,,,,,,,,,
"33",,"10","en","483700330","2025-03-27 09:17:21","2025-03-27 09:18:53","https://app.prolific.com/","I agree.","677c170bab7bde949b8fcc5f","01cj0ezpwnm9","67e36718b88b03c5030a2b8f","The phenomenon where articles convey opinions or ideologies in addition to factual information","4",,"23","Man","Bachelor’s degree","Proficient","-2","Very rarely","0","-2","-1","0",,"","Somewhat agree","-2","-1","0","1","1","2","1","1","1","1","1","1","1","1",,,,,,"","","","","","","","","","","","","","","","","","","","","","",,"",,"","",,,"63.34","4.14",,,,,"3.37",,,,,"23.66",,,,,,,,,,,,,"19.12",,"13.05",,,,,,,,,,,,,,,,,,,,,,,,,
"34",,"1","en","814028568","2025-04-08 06:27:50","2025-04-08 06:27:56",,"I DO NOT agree.","","","",,"4",,,,,,,,"","","","",,,,"","","","","","","","","","","","","","",,,,,,"","","","","","","","","","","","","","","","","","","","","","",,"",,"","",,,"6.01","6.01",,,,,,,,,,,,,,,,,,,,,,,,,,,,,,,,,,,,,,,,,,,,,,,,,,
"35",,"3","en","2119852550","2025-04-08 06:28:29","2025-04-08 06:28:42",,"I agree.","","","","The exclusion of any subjective content from a narrative","4","The exclusion of any subjective content from a narrative",,,,,,,"","","","",,,,"","","","","","","","","","","","","","",,,,,,"","","","","","","","","","","","","","","","","","","","","","",,"",,"","",,,"14.8","5.85",,,,,"4.64",,,"4.31",,,,,,,,,,,,,,,,,,,,,,,,,,,,,,,,,,,,,,,,,,
"36","2025-04-08 06:36:31","14","en","633239141","2025-04-08 06:31:19","2025-04-08 06:36:31",,"I agree.","","","","The act of using scientific data to support a news story","3","The phenomenon where articles convey opinions or ideologies in addition to factual information","19","Man","Some college","Proficient","10","Several times per day","-4","-5 (unacceptable)","-5 (bad)","-5 (wrong)",,"","​​​​​​​Strongly disagree","3","3","-3","3","3","3","3","3","3","3","3","3","0","3",,,"",,"Agree","0","0","0","-3","0","0","0","0","0","0","0","0","-1","1","3","-3","3","-3","3","-3","-3","-3","the explanation","4","none","1","1","no","","314.59","6.26",,,,,"4.64",,,"7.89",,"44",,,,,,,,,,,,,"86.49",,"33.55",,,,,,,"40.78",,,,"51.03",,,,,,"35.08",,,,,,,"4.87",
"37","2025-04-08 06:43:50","14","en","1056608604","2025-04-08 06:39:16","2025-04-08 06:43:50",,"I agree.","","","","The phenomenon where articles convey opinions or ideologies in addition to factual information","4",,"20","Man","Bachelor’s degree","Proficient","-10","Several times per week","5 (relevant)","5 (acceptable)","5 (good)","5 (right)",,"","​​​​​​​Strongly disagree","3","3","-3","3","3","3","3","3","3","3","3","3","0","-3",,,,"","Agree","1","1","-1","-2","1","0","1","1","0","0","0","0","-3","1","3","-3","3","-3","3","-3","-3","-3","drölf","4","more coffee","1","1","","","277.4","4.85",,,,,"4.26",,,,,"29.26",,,,,,,,,,,,,"90.36",,"26.62",,,,,,,,,"33.96",,"52.23",,,,,,"31.36",,,,,,,"4.5",
"38","2025-04-08 06:49:54","14","en","280446747","2025-04-08 06:44:29","2025-04-08 06:49:53",,"I agree.","","","","The phenomenon where articles convey opinions or ideologies in addition to factual information","2",,"31","Man","Graduate work","Proficient","0","Several times per week","1","5 (acceptable)","5 (good)","5 (right)","",,"Somewhat agree","0","-1","0","-1","1","0","-1","1","-1","-1","-1","0","2","1",,"",,,"Strongly agree","-1","-2","2","-3","-2","-3","-3","0","-3","-3","-3","-1","3","3","3","-3","3","-3","3","-3","-3","-3","having to read it","4","even more coffee","1","1","","","328.28","4.25",,,,,"4.02",,,,,"31.85",,,,,,,,,,,"85.52",,,,"60.9",,,,,"43.33",,,,,,"63.43",,,,,,"32",,,,,,,"2.98",
"39","2025-04-08 07:16:28","14","en","189813353","2025-04-08 06:50:05","2025-04-08 07:16:28",,"I agree.","","","","The phenomenon where articles convey opinions or ideologies in addition to factual information","1",,"41","Man","Associate degree","Proficient","10","Every day","4","0","0","0","",,"Agree","-2","-2","-1","-2","-1","-2","-2","-1","-1","-2","-1","-1","2","2","",,,,"Strongly agree","-2","-2","2","-3","-3","-3","-3","-2","-3","-3","-3","-3","3","3","3","-3","3","-3","3","-3","0","0","Being able to read","4","It is too late for coffee","1","1","","","1584.12","1332.74",,,,,"10.83",,,,,"22.01",,,,,,,,,,,"84.53",,,,"44.1",,,"13.08",,,,,,,,"51.25",,,,,,"23.11",,,,,,,"2.47",
"40","2025-04-08 07:21:01","14","en","1931834560","2025-04-08 07:13:37","2025-04-08 07:21:01",,"I agree.","","","","The phenomenon where articles convey opinions or ideologies in addition to factual information","2",,"51","Man","Some college","Proficient","-10","Every day","5 (relevant)","5 (acceptable)","5 (good)","5 (right)","",,"Agree","-1","-1","0","2","-2","-2","-2","0","-1","-2","-2","-1","3","2",,"",,,"Strongly agree","-2","-2","3","-3","-3","-3","-3","-2","-3","-3","-2","-2","3","3","3","-3","3","-3","3","-3","-3","-3","ビル","4","ビル","1","1","","","445.25","7.13",,,,,"5.05",,,,,"41.57",,,,,,,,,,,"132.71",,,,"64.96",,,,,"61.71",,,,,,"63.02",,,,,,"65.97",,,,,,,"3.13",
