Text,Entropy,Perplexity,Sentiment Label,Sentiment Score,Flesch-Kincaid Readability Score,care_virtue,care_vice,fairness_virtue,fairness_vice,loyalty_virtue,loyalty_vice,authority_virtue,authority_vice,sanctity_virtue,sanctity_vice
"The article only contains low bias with a subtle slant. The article originates from a credible source (AP News) and quotes both the Environmental Protection Agency (EPA) and the industry stakeholders. It mainly focuses on a Supreme Court decision to uphold environmental regulations involving methane emissions from oil and gas drilling and mercury pollution from coal-fired plants.
The article predominantly communicates the EPA’s viewpoint and mainly communicates the benefits of the regulations. Quotes such as “delivering major climate and health benefits” support this. The industry’s concerns, including claims that the standards are ""impossible to meet"" and could result in plant closures, are presented but not given equal depth or focus. This gives the impression of slight pro-EPA favoritism.
Some wording reveals implicit leanings, such as the phrase “the Supreme Court has shot down other environmental regulations.” While not overtly biased, such phrasing subtly criticizes the Court's past actions, framing it in a less favorable light.
Though there is such leanings, the piece primarily aims for factual reporting. The article could marginally influence readers to view EPA regulations more favorably but does not seem designed to cause significant shifts in opinion. Overall, the article can be described as informative and generally balanced.",6.828600449652752,113.66154726163411,POSITIVE,0.970256507396698,39.18164335664338,0.0871838703751564,8.498662282363512e-06,0.13001379370689392,0.028743362054228783,4.406002699397504e-05,0.00027308607241138816,0.7527083158493042,0.0007176233921200037,0.0001862492790678516,0.00012123552733100951
"The article is moderately biased. It provides a summary of the UN COP29 climate summit and the financial agreement. However, it focuses on the frustration of developing countries with a one-sided perspective on their statements. 
It is generally critical of the COP29 financial commitments and supports the call for more funding. It places a clear focus on the viewpoint of developing countries. This is especially seen in the usage of quotations in the article. For instance, “This process was chaotic, poorly managed, and a complete failure in terms of delivering the ambition required.” shows this without providing perspectives from wealthier nations.
While communicating truthfully, it under-reports the complexity of climate negotiations. The outlet that published the article generally leans towards the left, which might bias the complete reporting.
It uses expressions such as “as a kind of escape clause for rich countries”, “‘Does the U.S. have no juice?’” or “Countries in the developing group are ‘invited’” that could subconsciously influence readers’ perception by emphasizing the unwillingness of richer countries to contribute to climate change caused problems. 
To conclude, the article portrays wealthier countries as perpetrators and poorer countries as victims. It uses the stereotype of developed countries constantly not paying for the harm they cause.
",6.536692799979142,92.841170077859,NEGATIVE,0.9735866785049438,45.737574965132524,2.7295878680888563e-05,0.4702799916267395,0.00014369199925567955,0.2274717539548874,0.30012089014053345,0.0006577146123163402,0.0008564654854126275,0.00024824743741191924,9.196945029543713e-05,0.00010202347039012238
"The article is highly biased and imbalanced. It shows a liberal slant with an anti-meat industry stance, framing it as climate-damaging and portraying its initiatives as ineffective and superficial (“voluntary initiatives are sufficient to avert environmental ruin”). It accuses WWF and other NGOs of enabling greenwashing through donations. Although the article and the outlet VOX (left-leaning but highly factual) are credible and fact-based, efforts by the Global Roundtable for Sustainable Beef to address climate challenges are dismissed without providing another perspective, while comparing the meat industry to the oil and tobacco industries (“None of this is terribly surprising — it’s largely the same denial and deflection playbook run by Big Oil”). Phrases such as “change just enough to avoid being forced to change even more by the government” further highlight this bias.

Linguistic bias in phrases like “as one executive admitted,” which implies confession, and “On the surface, the conference was meant to demonstrate” suggests insincerity. The emotional framing is mistrustful, ironic, and accusatory, as shown in the sentence, “EDF lets them pollute and praises them for what little they do.” The article’s bias could foster hostility toward the meat industry and its associated organizations.",6.896429434641265,119.13301220926954,NEGATIVE,0.9985230565071106,31.181923076923084,3.315775029477663e-05,0.0009052812238223851,0.00010512447624932975,0.561883807182312,0.4336632490158081,0.001613618922419846,0.0006219940260052681,0.00045973010128363967,0.0003520525642670691,0.00036193811683915555
"This article contains no significant bias and is a balanced overview of American’s views on climate-related issues. It focuses on survey results about the population’s opinions on climate policies.
The article appears to be factual, trustworthy, and balanced. It includes different viewpoints, presents data neutrally and avoids political slant. For example, statements such as ""About half of Republicans – including majorities of moderate Republicans – say they favor these approaches to limiting emissions, as do most Democrats"" showcase the representation of both political spectrums. Similarly, the article describes other agreements and disagreements on climate policies across parties, providing a balanced perspective. 
The language of the article is neutral. In the article only a few slightly biased phrases like ""deeply partisan"" or ""in a sign of Democratic frustration with progress tackling climate change"" can be found. These phrases, however, do not slant the factuality of the article or skew the content. Likely, they were added to make the text more engaging. The article’s sources appear to be credible. For instance, Pew Research is known for its factual reporting.
Overall, the article contains an unbiased framing and clearly shows the American population’s attitude toward climate policies. It seems to aim to inform rather than influence its readers.",6.648426044317061,100.31726038800178,POSITIVE,0.9896522164344788,44.38923469387757,6.437492265831679e-05,0.00018692723824642599,0.04741877689957619,0.9472398161888123,0.0004926521214656532,0.0011177610140293837,0.001279267598874867,0.0010005070362240076,0.0006107513327151537,0.0005891743348911405
"While believable, this article is moderately biased and opinionated. Its outlet, The Hill, is mostly factual and credible with a centrist leaning. The article supports and frames the new EPA direction positively, which aims to mitigate climate change through innovation and market forces. However, the author's opinion slants the article through statements such as ""I couldn't agree more,"" ""Let me state clearly: Zeldin is right. The EPA should unleash American prosperity,"" and ""I can think of no better way to unleash U.S. economic prosperity.""

The article overstates the positive effects of relying on economics for climate change mitigation (""We can all breathe more easily thanks to the EPA standards which spurred its creation."") but doesn't mention alternative perspectives or strategies to mitigate climate change or common critiques of the innovation-based approach. Overall, it reflects a pro-EPA and pro-Trump bias. It uses biased phrases such as ""in fact,"" ""time and again,"" ""another proof point,""  ""vital,"" and ""unreasonable"".

The article could influence readers' views through its positive bias and by offering an oversimplified solution to a complex problem. Readers might feel positively inclined toward the new EPA regulations, which rely exclusively on innovation while neglecting other, potentially more effective measures.",6.718775929548891,105.33024368464842,POSITIVE,0.7086818218231201,43.06507331378302,0.00010218688839813694,0.00010391623800387606,0.0009521114407107234,0.7175252437591553,0.0003656072949524969,0.00119621807243675,0.2773990333080292,0.0009630784043110907,0.0006846843170933425,0.0007079332717694342
"The article is highly biased, using emotional and dramatic language to emphasize the severity of climate change and the role of big oil. While mostly factual, it lacks sources and presents only one side. Published by The Hill, a generally credible and center-leaning outlet, the piece frames oil companies and banks as untrustworthy, profit-driven entities fueling the climate crisis. It portrays big oil as corrupt, resistant to change, and guilty of a “crime against humanity.” 

The article argues that oil companies will never act voluntarily and must be forced through government intervention. Proposed measures include ending subsidies, making energy prices reflect environmental costs, and stricter governmental regulations. The government is urged to take control, as the industry “cannot be trusted” to transition to clean energy (“The industry (…) clearly will not change voluntarily. They must be forced.”).

The article criticizes political inaction, claiming the Supreme Court enables “legalized bribery.” With strong linguistic bias, it warns of “killer heat, intense rains, longer wildfire seasons,” and no escape from climate change (“There is no place to run and hide from climate change”). Lacking counterarguments or economic considerations, the framing might fuel panic, distrust, and hostility toward oil corporations, banks, and government.",6.633897588184017,99.31209928244232,NEGATIVE,0.9919264316558838,38.20722896986055,3.654638203443028e-05,1.0560769624134991e-05,0.032806698232889175,0.010705060325562954,0.2826494574546814,0.0007507471600547433,0.494931161403656,0.00048485680599696934,0.16926309466362,0.008361817337572575
"The article only exhibits low signs of bias. It reports in a factual and informative manner on the impact of the LA wildfires and how the local authorities are handling the protection and clean-up of the affected areas. The article supports government involvement in controlling these areas but remains factual in its framing. Only the quotes included in the article exhibit clear signs of bias, such as “The lucky few who still have homes are left unprotected. LAPD doesn’t have the resources. This is reckless.” The article contains multiple viewpoints, such as those from the mayor and critiques. Wording such as “foe” and “worried” in ""The decision was met with criticism by political foe Rick J. Caruso who worried […]"" does show a statement bias assuming an emotional state. The article further underreports reasons for the initial plan to remove police protection. However, these are only minor slants to otherwise credible and balanced reporting. The article’s outlet, the “Los Angeles Daily News,” can be considered a conservative outlet. Yet, the article does not contain clear indications of a political leaning. The article will likely not influence the readers, the only emotional framing in the article being toward the magnitude of the wildfires.",6.5752007088417725,95.35262224715801,NEGATIVE,0.9944596290588379,53.28495253164559,0.16163839399814606,2.89465460809879e-05,0.00022403278853744268,0.05541616678237915,4.3181968067074195e-05,0.0007259638514369726,0.6530874967575073,0.0003868986968882382,0.12786149978637695,0.000587385322432965
"This article is moderately biased. It is mainly slanted against mainstream climate research and climate change curriculums taught in American schools. It leans towards a conservative and climate-skeptic viewpoint. The language used, framing, and source selection underscores this leaning.
The article frames the current curriculum as alarmist and climate science as dogmatic while not mentioning the danger of the climate crisis. By doing so, the article positions groups such as the CO2 Coalition as truth advocates in a system limiting the freedom of opinions. 
The article only focuses on voices that are climate-skeptic, such as Burnett and the CO2 Coalition. Their academic qualifications are highlighted to increase their credibility without being related to climate science. However, it does not include voices from mainstream scientists or educators. Quotes like “New Jersey’s climate curriculum is pure indoctrination” delegitimize accepted scientific findings. Furthermore, the article uses sarcasm (“took the opinion pages”) and emotionally charged wording (“kicked the CO2 Coalition out”).
The outlet is known for its right-leaning stance. Readers of the article will likely see current climate-change education more critically and it might perpetuate the stereotype that mainstream science is oppressive in them. In conclusion, the article exhibits biased language, framing, and selective reporting.",6.7470099361339955,107.41189331463215,NEGATIVE,0.9883792400360107,41.31652542372885,4.749040090246126e-05,2.8486021619755775e-05,0.00013397869770415127,0.16481289267539978,0.7813940644264221,0.0008531890343874693,0.0003933795669581741,0.00031320852576754987,0.05181989073753357,0.00020353664876893163
"This ""The American Conservative"" (right-leaning, somewhat credible) article is strongly biased, critiquing the Paris climate negotiations and Obama’s climate policies in an imbalanced, Republican-leaning, and one-sided manner (""With the right leadership, the political right has the answers”). It reflects only the author’s viewpoint, uses slanted language, and excludes opposing perspectives, despite quoting experts for legitimacy. Broader challenges of international climate negotiations are omitted.

The article dismisses the Paris Agreement as ineffective (“doesn't do anything,” “The final product won’t add up to much but at least the final communiqué will read nicely"", ""we already know what will happen"", ""reach a toothless agreement"", ""most countries will ignore the whole thing”). It ignores any successes and presents Republican and economic strategies as superior but vague alternatives (carbon pricing, border adjustments, technology-driven innovation). It argues that countries like China and India aren't committed and portrays Obama’s policies as unrealistic and ineffective (e.g., “Obama’s promises aren’t serious, either”). 

Language like “foolish choice” and “half-assed and half-baked” frames the UN/Democrats in a derogatory way with a bitter, distrustful, and dismissive emotional tone. The bias may influence readers, possibly increasing distrust in international organizations and Democratic policies while reinforcing an “us vs. them” narrative with oversimplified solutions.",6.932363256544825,122.13757164843665,NEGATIVE,0.9884952306747437,21.281641483516495,4.36424816143699e-05,5.7203065807698295e-05,0.000193507265066728,0.2999284565448761,0.5043543577194214,0.0009941644966602325,0.19344225525856018,0.0004759096191264689,0.0003921840398106724,0.00011836631165351719
